Workbook

Sheet Sales Data
A1: Order Date | B1: Product | C1: Category | D1: Sales | E1: Month
A2: 45661 | B2: Keyboard | C2: Technology | D2: 3535.98 | E2: =TEXT(A2,"mmm") -> Jan
A3: 45674 | B3: Notebook | C3: Office Supplies | D3: 2095.65 | E3: =TEXT(A3,"mmm") -> Jan
A4: 45691 | B4: Office Chair | C4: Furniture | D4: 4578.71 | E4: =TEXT(A4,"mmm") -> Feb
A5: 45706 | B5: Mouse | C5: Technology | D5: 2345.5 | E5: =TEXT(A5,"mmm") -> Feb
A6: 45721 | B6: Laptop | C6: Technology | D6: 4890.25 | E6: =TEXT(A6,"mmm") -> Mar
A7: 45737 | B7: Pen Set | C7: Office Supplies | D7: 875.4 | E7: =TEXT(A7,"mmm") -> Mar
A8: 45754 | B8: Desk | C8: Furniture | D8: 3250.75 | E8: =TEXT(A8,"mmm") -> Apr
A9: 45771 | B9: Monitor | C9: Technology | D9: 4125.6 | E9: =TEXT(A9,"mmm") -> Apr
A10: 45780 | B10: Printer | C10: Technology | D10: 3780.9 | E10: =TEXT(A10,"mmm") -> May
A11: 45796 | B11: Backpack | C11: Office Supplies | D11: 1450.25 | E11: =TEXT(A11,"mmm") -> May
A12: 45816 | B12: Office Chair | C12: Furniture | D12: 2985.4 | E12: =TEXT(A12,"mmm") -> Jun
A13: 45834 | B13: Keyboard | C13: Technology | D13: 2650.8 | E13: =TEXT(A13,"mmm") -> Jun
... A25: 46010 | B25: Desk | C25: Furniture | D25: 3750.3 | E25: =TEXT(A25,"mmm") -> Dec

Sheet Monthly Sales Trend
A1: MONTHLY SALES TREND ANALYSIS
A2: Monthly Sales Performance — 2025
A4: MONTHLY SALES SUMMARY
A6: Month | B6: Total Sales
A7: Jan | B7: =SUMIF('Sales Data'!$E$2:$E$25,A7,'Sales Data'!$D$2:$D$25) -> 5631.63
A8: Feb | B8: =SUMIF('Sales Data'!$E$2:$E$25,A8,'Sales Data'!$D$2:$D$25) -> 6924.21
A9: Mar | B9: =SUMIF('Sales Data'!$E$2:$E$25,A9,'Sales Data'!$D$2:$D$25) -> 5765.65
A10: Apr | B10: =SUMIF('Sales Data'!$E$2:$E$25,A10,'Sales Data'!$D$2:$D$25) -> 7376.35
A11: May | B11: =SUMIF('Sales Data'!$E$2:$E$25,A11,'Sales Data'!$D$2:$D$25) -> 5231.15
A12: Jun | B12: =SUMIF('Sales Data'!$E$2:$E$25,A12,'Sales Data'!$D$2:$D$25) -> 5636.2
A13: Jul | B13: =SUMIF('Sales Data'!$E$2:$E$25,A13,'Sales Data'!$D$2:$D$25) -> 7125.85
A14: Aug | B14: =SUMIF('Sales Data'!$E$2:$E$25,A14,'Sales Data'!$D$2:$D$25) -> 5640.95
A15: Sep | B15: =SUMIF('Sales Data'!$E$2:$E$25,A15,'Sales Data'!$D$2:$D$25) -> 5331.05
A16: Oct | B16: =SUMIF('Sales Data'!$E$2:$E$25,A16,'Sales Data'!$D$2:$D$25) -> 5606.05
A17: Nov | B17: =SUMIF('Sales Data'!$E$2:$E$25,A17,'Sales Data'!$D$2:$D$25) -> 9131.3
A18: Dec | B18: =SUMIF('Sales Data'!$E$2:$E$25,A18,'Sales Data'!$D$2:$D$25) -> 6640.95
